INSERT INTO Tabella VALUES ('Kaposvári Rákóczi FC', 12, 27,80, 14);
INSERT INTO Tabella VALUES ('Debreceni VSC', 11, 48,57, 39);
INSERT INTO Tabella VALUES ('Paksi FC', 10, 46,53, 41);
INSERT INTO Tabella VALUES ('Diósgyőri VTK', 9, 40,52, 41);
INSERT INTO Tabella VALUES ('Kisvárda', 8, 42,43, 42);
INSERT INTO Tabella VALUES ('Zalaegerszegi TE FC', 7, 51,44, 43);
INSERT INTO Tabella VALUES ('Újpest FC', 6, 45,45, 43);
INSERT INTO Tabella VALUES ('Budapest Honvéd',5, 36,44,44);
INSERT INTO Tabella VALUES ('Mezőkövesd Zsóry FC', 4, 42,31, 50);
INSERT INTO Tabella VALUES ('Puskás Akadémia FC',3, 52,41,54);
INSERT INTO Tabella VALUES ('Mol Fehérvár FC',2, 56, 29,63);
INSERT INTO Tabella VALUES ('Ferencvárosi TC',1, 58,24,76);



INSERT INTO Csapatok VALUES (90,'Kaposvár','Kaposvári Rákóczi FC', 10);
INSERT INTO Csapatok VALUES (200, 'Debrecen', 'Debreceni VSC',4);
INSERT INTO Csapatok VALUES (100, 'Paks', 'Paksi FC',6);
INSERT INTO Csapatok VALUES (120, 'Miskolc', 'Diósgyőri VTK',6);
INSERT INTO Csapatok VALUES (135, 'Kisvárda', 'Kisvárda',8);
INSERT INTO Csapatok VALUES (130, 'Zalaegerszeg', 'Zalaegerszegi TE FC',6);
INSERT INTO Csapatok VALUES (150, 'Budapest', 'Újpest FC',5);
INSERT INTO Csapatok VALUES (220, 'Budapest', 'Budapest Honvéd',4);
INSERT INTO Csapatok VALUES (120, 'Mezőkövesd', 'Mezőkövesd Zsóry FC',6);
INSERT INTO Csapatok VALUES (250, 'Felcsút', 'Puskás Akadémia FC',3);
INSERT INTO Csapatok VALUES (400, 'Székesfehérvár', 'Mol Fehérvár FC',1);
INSERT INTO Csapatok VALUES (750, 'Budapest', 'Ferencvárosi TC',1);


INSERT INTO GOLLOVOLISTA VALUES ('Radó András',13,3,'Zalaegerszegi TE FC');
INSERT INTO GOLLOVOLISTA VALUES ('Bobál Gergely',11,3,'Zalaegerszegi TE FC');
INSERT INTO GOLLOVOLISTA VALUES ('Könyves Norbert',11,5,'Paksi FC');
INSERT INTO GOLLOVOLISTA VALUES ('Lanzafame Davide',11,2,'Budapest Honvéd');
INSERT INTO GOLLOVOLISTA VALUES ('David Vanecek',11,4,'Puskás Akadémia FC');
